N°,ID producto,Producto,SKU,Categoría visible,Categoría final,Tipo producto,Precio proveedor,Precio sugerido,Stock público,Stock privado,Disponible en,Bodega,Cantidad imágenes visibles,Tiene descripción,Descripción excede screenshot,Tipo descripción,Beneficios visibles,Modo de uso visible,Especificaciones visibles,Garantías visibles,Recursos adicionales visibles,Texto genérico repetido,Pantallazo fuente,Observación cruda
1,1589262,Juguete Tablero Educativo,JUGUETETABLEREDUCATIVO,Otro; Juguetería,Juguetería,Simple,37900,57900,84,0,Yumbo,"CALI, YUMBO",5,Sí,Sí,Mixta: texto proveedor/comunidad + descripción específica producto,Sí,No visible,Sí,"Pestaña visible, no abierta","Pestaña visible, no abierta",Sí,Captura 2026-05-28 5.03.40 p.m.,Incluye texto de servicio al cliente y enlace WhatsApp; descripción específica del tablero educativo con beneficios y funcionamiento.
2,997208,Lampara Solar De Pared Con Mando,LAMPARASOLAR,Hogar; Natural Home; Otro,Hogar,Simple,29900,59900,57,0,Yumbo,"CALI, YUMBO",4,Sí,Sí,Mixta: texto proveedor/comunidad + descripción específica producto,Sí,No visible,Sí,"Pestaña visible, no abierta","Pestaña visible, no abierta",Sí,Captura 2026-05-28 5.03.34 p.m.,"Incluye descripción, beneficios y especificaciones visibles sobre energía solar, control remoto y sensor de movimiento."
3,37111,Limpiador Magnetico De Vidrios Y Ventana,LIMPIACRISTALES,Hogar; Natural Home; Otro; Herramientas,Hogar,Simple,19900,49900,1538,0,Yumbo,"CALI, YUMBO",5,Sí,Sí,Mixta: texto proveedor/comunidad + descripción específica producto,Sí,Sí,Sí,"Pestaña visible, no abierta","Pestaña visible, no abierta",Sí,Captura 2026-05-28 5.03.18 p.m.,"Incluye descripción, beneficios, material y modo de uso por pasos; contiene texto de servicio al cliente al inicio."
4,No visible,Pendientes De Hojas,01PENDIENTES,Bisutería; Otro,Bisutería,Variable,7900,29900,114,0,Yumbo,"CALI, YUMBO",5,Sí,No,Descripción mal renderizada / JSON visible,"Sí, dentro de texto mal renderizado",No visible,"Sí, dentro de texto mal renderizado","Pestaña visible, no abierta","Pestaña visible, no abierta",No,Captura 2026-05-28 5.03.10 p.m.,Producto variable con variantes Color Plateado y Color Dorado; descripción se visualiza como JSON/texto sin renderizar.
5,92051,Cerca practica,01PRACTICA,Otro,Hogar,Simple,27900,39900,8,0,Yumbo,"CALI, YUMBO",4,Sí,Sí,Mixta: texto proveedor/comunidad + descripción específica producto,Sí,No visible,Sí,"Pestaña visible, no abierta","Pestaña visible, no abierta",Sí,Captura 2026-05-28 5.03.47 p.m.,"Descripción específica de cerca decorativa para jardín; incluye beneficios, características visibles y texto de servicio al cliente/comunidad al inicio."
6,1762090,Taladro Percutor Inalambrico,TALADROINALAMBRICO,Otro; Herramientas,Herramientas,Simple,106900,136900,1767,0,Yumbo,"CALI, YUMBO",4,Sí,Sí,Mixta: texto proveedor/comunidad + descripción específica producto,Sí,No visible,Sí,"Pestaña visible, no abierta","Pestaña visible, no abierta",Sí,Captura 2026-05-28 5.03.03 p.m.,Incluye texto de servicio al cliente/comunidad; descripción específica de taladro inalámbrico con características destacadas e incluye accesorios.
7,136678,Fish Catcher X 2 unds,FISHCATCHER1,Pesca; Otro,Deportes,Variable,18900,38900,677,0,Yumbo,"CALI, YUMBO",3,Sí,No,Descripción mal renderizada / JSON visible,"Sí, dentro de texto mal renderizado",No visible,"Sí, dentro de texto mal renderizado","Pestaña visible, no abierta","Pestaña visible, no abierta",No,Captura 2026-05-28 5.02.56 p.m.,Producto variable con variantes de color; descripción se visualiza como JSON/texto sin renderizar.
8,96615,Arnes Para Mascota,01ARNES,Mascotas,Mascotas,Variable,34900,59900,20,0,Yumbo,"CALI, YUMBO",3,Sí,No,Descripción mal renderizada / JSON visible,"Sí, dentro de texto mal renderizado",No visible,"Sí, dentro de texto mal renderizado","Pestaña visible, no abierta","Pestaña visible, no abierta",No,Captura 2026-05-28 5.02.51 p.m.,Producto variable con tallas S y M; descripción se visualiza como JSON/texto sin renderizar.
9,1971689,Anillo Gato Ajustable Plateado,01GATOANILLO,Bisutería,Bisutería,Simple,9900,29900,408,0,Yumbo,"CALI, YUMBO",3,Sí,No,Descripción específica producto,Sí,No visible,Sí,"Pestaña visible, no abierta","Pestaña visible, no abierta",No,Captura 2026-05-28 5.02.45 p.m.,"Descripción visible con secciones ¿Qué es?, ¿Para qué sirve?, ¿Cómo funciona? y ¿Qué incluye?; incluye material/acabado y diseño."
10,2137710,Punzon De Impacto,PUNZONDEIMPACTO1,Herramientas,Herramientas,Simple,17900,37900,4,0,Yumbo,"CALI, YUMBO",3,Sí,No,Descripción específica producto,Sí,No visible,Sí,"Pestaña visible, no abierta","Pestaña visible, no abierta",No,Captura 2026-05-28 5.02.25 p.m.,"Descripción específica de herramienta; incluye usos, beneficios y características como punta de alta resistencia, mango ergonómico y construcción robusta."
11,1627199,Cinta Impermeable Autoadhesiva 5cmx 2.5m,CINTA ASFALTO 5CMX2.5M,Hogar; Herramientas,Herramientas,Simple,9900,29900,726,0,Yumbo,"CALI, YUMBO",5,Sí,No,Mixta: texto proveedor/comunidad + descripción específica producto,Sí,No visible,Sí,"Pestaña visible, no abierta","Pestaña visible, no abierta",Sí,Captura 2026-05-28 5.02.21 p.m.,"Incluye texto de servicio al cliente/comunidad; descripción específica de cinta impermeable con beneficios como sellado, resistencia, impermeabilidad y aplicación sin herramientas."
12,152616,Estanteria De Ropa,COLGADOROPA,Hogar; Natural Home; Otro,Hogar,Simple,49900,69900,72,0,Yumbo,"CALI, YUMBO",3,Sí,Sí,Mixta: texto proveedor/comunidad + descripción específica producto,Sí,No visible,Sí,"Pestaña visible, no abierta","Pestaña visible, no abierta",Sí,Captura 2026-05-28 5.02.15 p.m.,"Incluye texto de servicio al cliente/comunidad; descripción específica de estantería de ropa con funcionamiento, diseño, capacidad, resistencia y estilo. El contenido continúa fuera del pantallazo."
13,387587,Base Moisture Cushion,BASEMAQUILLAJE,Belleza,Belleza,Variable,15900,29900,41834,0,Yumbo,"CALI, YUMBO",5,Sí,Sí,Mixta: texto proveedor/comunidad + descripción específica producto,Sí,No visible,Sí,"Pestaña visible, no abierta","Pestaña visible, no abierta",Sí,Captura 2026-05-28 5.02.10 p.m.,"Producto variable con tonos Color N2, Color N3 y Color N1; incluye texto de servicio al cliente/comunidad y descripción específica de base de maquillaje con tonos visibles. El contenido continúa fuera del pantallazo."
14,209543,Bolso Pocket Pro,01POCKET,Moda; Otro,Moda,Variable,44900,69900,155,0,Yumbo,"CALI, YUMBO",5,Sí,Sí,Descripción mal renderizada / JSON visible,"Sí, dentro de texto mal renderizado",No visible,"Sí, dentro de texto mal renderizado","Pestaña visible, no abierta","Pestaña visible, no abierta",No,Captura 2026-05-28 5.02.03 p.m.,"Producto variable con variantes Color Cafe, Color Negro y Color Rojo; descripción se visualiza como JSON/texto sin renderizar y continúa fuera del pantallazo."
15,333390,Manguera A Presion Para Limpieza,MANGUERACOCHES,Vehículos,Vehículos,Simple,22900,52900,3316,0,Yumbo,"CALI, YUMBO",5,Sí,Sí,Mixta: texto proveedor/comunidad + descripción específica producto,Sí,No visible,Sí,"Pestaña visible, no abierta","Pestaña visible, no abierta",Sí,Captura 2026-05-28 5.01.55 p.m.,Incluye texto de servicio al cliente/comunidad; descripción específica de manguera a presión para vehículos con características y usos visibles. El contenido continúa fuera del pantallazo.
16,1752098,Bateria Repuesto Aspiradora Potente,REPUESTOBATERIA,Hogar; Herramientas,Hogar,Simple,22900,42900,40,0,Yumbo,"CALI, YUMBO",3,Sí,No,Garantía / condiciones + texto proveedor,No visible,No visible,No visible,"Sí, texto visible en detalles","Pestaña visible, no abierta",Sí,Captura 2026-05-28 5.01.50 p.m.,Incluye texto de servicio al cliente/comunidad y condiciones de garantía/paquetes incompletos; no se observan características técnicas del producto en el pantallazo.
