Sección,Lectura preliminar
Lectura general,"PRENDAS CONTROL / RAMON CANO entra como supplier mixto: tiene señales de marca propia especializada en prendas de control, pero dentro del catálogo también aparecen productos de bienestar/cuidado personal que funcionan como complementarios. No se debe eliminar del benchmark como Vitalcom, porque tiene comportamiento comercial de supplier dentro de Dropi, con 221 productos, 188.692 órdenes, 970 dropshippers, calificación óptima y despacho de 6 horas."
Qué lo hace interesante,"Es un caso de catálogo mucho más concentrado que los generalistas. No depende de miles de productos: con 221 productos visibles logra 188.692 órdenes históricas. Esto lo convierte en un proveedor útil para estudiar profundidad de nicho, bundles, variaciones y especialización de categoría."
Patrón de catálogo visible,"La muestra se concentra en fajas, bodies, shorts moldeadores, corsets, prendas de compresión, ropa deportiva relacionada con control corporal, y complementos como geles, cremas, shampoo, batidos, taloneras y correctores. El catálogo parece girar alrededor de una vertical dominante: control corporal / compresión / belleza funcional."
Señal de operación,"La calificación visible es óptima: envía rápido, cumple y responde bien. Esto lo vuelve un posible benchmark de supplier especializado con operación sana, aunque aún falta validar reclamos, cancelaciones y devoluciones por producto."
Señal comercial,"Tiene 188.692 órdenes con 970 dropshippers. Comparado con suppliers generalistas, puede tener menor amplitud pero mayor foco. Hay que validar si las órdenes se concentran en fajas/body/shorts o si los productos complementarios también generan venta."
Calidad de catálogo a revisar,"La muestra muestra muchos productos variables, lo cual es esperable en moda/fajas por tallas y referencias. También se observan precios sugeridos en 0, precios variables y casos donde el precio sugerido parece menor al precio proveedor. Esto no necesariamente es error porque puede depender de variaciones, pero debe quedar marcado para revisión."
Posibles palancas,"1) Profundizar productos ganadores por talla/color/referencia. 2) Crear combos entre fajas y productos complementarios. 3) Mejorar consistencia de precios sugeridos y variables. 4) Separar línea marca propia vs productos complementarios. 5) Usarlo como benchmark de supplier de nicho: menos catálogo, más foco, operación óptima."
Riesgos visibles,"Riesgo de datos de precio inconsistentes o incompletos en cards; riesgo de stock alto concentrado en variaciones no demandadas; riesgo de que el catálogo público no refleje el total real si hay productos privados; riesgo de que una vertical sensible como fajas/bienestar requiera mejor contenido de tallas, usos, garantías y devoluciones."
Clasificación preliminar,"Supplier especializado / marca con catálogo complementario. Alta productividad relativa, operación visible sana, foco fuerte en fajas/control corporal y oportunidad de analizar profundidad de variaciones y bundles."
Dato nuevo de visibilidad,"En el feed público/manual se capturaron 51 productos frente a 221 reportados en el perfil. Queda una brecha de 170 productos no observados. No se debe asumir que todos son privados; se debe validar con Data si son privados, inactivos, agotados, despublicados o restringidos por visibilidad."
Detalle de productos revisados,"Se revisaron 7 productos de detalle: Short Cremallera Tiro Alto267, Panty Brasilero2651, Camisilla De Hombre258, Body De Compresion Con Manga 2670, Cinturilla Avispa2626, Short Con Broche Tiro Alto2642 y Faja Pierna Corta2605. Todos los productos revisados son variables, con stock público, bodega Medellín y múltiples tallas/colores."
Lectura metodológica del caso,"PRENDAS CONTROL es un caso raro para el benchmark porque mezcla comportamiento de marca propia especializada con dinámica de supplier para dropshipping. No conviene excluirlo de entrada: debe mantenerse como caso mixto hasta validar con Data si sus órdenes provienen de productos de marca propia, productos privados, catálogo complementario o combinaciones."
Criterio de inclusión/exclusión sugerido,"No evaluarlo contra suppliers generalistas como ADMA, TUCOLTIENDA o OSHOP. Evaluarlo en una categoría separada: supplier especializado/marca propia con posible uso dropshipping. Si Data confirma que la mayoría de órdenes proviene de productos privados o de venta directa de marca, se puede excluir del benchmark principal y dejarlo como caso especial."
