ID captura,Producto,ID producto,SKU,Categoría(s),Tipo producto,Bodega,Stock visible,Stock privado,Precio proveedor,Precio sugerido,Margen valor,Margen %,# imágenes visibles,Descripción visible,Descripción supera screenshot,Contenido / calidad,Garantía / política visible,Recursos adicionales visibles,Notas crudas
OH-DET-001,Lote De Cables Variados En Oferta,1908047,RH0044,Tecnología; Otro,Simple,Bogotá,300,0,15000,30000,15000,1,3,Sí,No,Medio,No visible,No visible,"Descripción visible: paquete de cables USB, HDMI, RCA, jack 3.5 mm, cables de datos/carga/audio para electrónica, consolas y computadoras. Texto comercial corto: 'Perfecto para técnicos, oficinas o tener siempre a mano'."
OH-DET-002,Estante De Zapatos 10 Niveles Eco,600041,RH0952,Hogar; Otro; Herramientas,Simple,Bogotá,294,0,23000,55000,32000,1.391304347826087,4,Sí,No,Bueno,No visible,No visible,"Descripción visible extensa dentro del pantallazo: organizador de calzado / estante de zapatos, 10 niveles, material plástico y varillas metálicas. Incluye características, capacidad por nivel y elementos incluidos."
OH-DET-003,Ventilador Recargable,1597820,RH00148,Otro,Simple,Bogotá,100,0,23000,30000,7000,0.30434782608695654,3,Sí,No,Medio,No visible,No visible,"Descripción visible: ventilador recargable portátil, batería de larga duración, diseño compacto, varias velocidades de ventilación. Texto corto/medio, sin ficha técnica profunda."
OH-DET-004,Masajeador Cuello X3,820070,RH0010,Tecnología; Belleza; Salud,Simple,Bogotá,662,0,21000,32000,11000,0.5238095238095238,4,Sí,No,Bueno,"Sí, en descripción",No visible,"Descripción visible amplia: masajeador ligero y portátil para cuello, espalda y otras zonas; modos de masaje, niveles de intensidad, circulación sanguínea, alivio muscular. Incluye garantía de 15 días por defecto de fabricación, no cubre mala manipulación."
OH-DET-005,Camara Kids Con Impresora M2,1862299,RH01157,Tecnología; Otro; Juguetería,Simple,Bogotá,300,0,105000,140000,35000,0.25,3,Sí,Sí,Bueno,No visible,No visible,"Descripción visible extensa: cámara instantánea para niños con impresión, certificación CE, origen China continental, género unisex, pantalla LCD 2.4 pulgadas, batería 1200mAh, carga 2-3h, uso aproximado 4h, resolución de foto/video, memoria TF y funciones de fotografía/video/filtros. El texto continúa por debajo del pantallazo."
OH-DET-006,Lampara Led Angel,1969471,RH0054,Hogar; Otro; Juguetería,Simple,Bogotá,300,0,43750,63000,19250,0.3055555555555556,4,Sí,No,Medio,No visible,No visible,"Descripción visible: lámpara LED en forma de ángel para ambientación cálida. Menciona diseño angelical, luz LED suave y eficiente, funcionamiento con baterías/enchufe especial, colores disponibles si los hay y uso para habitación infantil, mesa de noche, sala, altar o meditación."
OH-DET-007,Portabebes Ergonomico,2161791,RH0180,Hogar; Bebé,Simple,Bogotá,150,0,75000,90000,15000,0.16666666666666666,3,Sí,No,Bueno,No visible,No visible,"Descripción visible amplia: portabebés para recién nacidos a niños pequeños, rango 0 a 36 meses y 7 a 45 libras. Detalla diseño ergonómico tipo M, distribución de peso, ajuste de hombros/cintura y material transpirable con algodón y malla 3D."
OH-DET-008,Espejo con Luz Led,1613840,RH0849,Belleza,Simple,Bogotá,199,0,22000,30000,8000,0.26666666666666666,5,Sí,No,Bueno,No visible,No visible,"Descripción visible: espejo con luz LED para maquillaje, cuidado personal o afeitado. Menciona iluminación precisa y calidad, diseño moderno/minimalista, luz clara sin sombras, función ajustable y posibilidad de ajustar temperatura/color para personalizar la rutina."
OH-DET-009,Maquina De Ejercicios Multifuncional,1906805,RH00483,Deportes; Otro,Simple,Bogotá,298,0,112500,130000,17500,0.15555555555555556,4,Sí,No,Bueno,No visible,No visible,"Descripción visible: máquina de ejercicios multifuncional para trabajar abdomen, piernas, brazos y glúteos. Se menciona diseño compacto y versátil, resistencia ajustable, uso cómodo/eficiente y color negro."
OH-DET-010,Combo Reloj T500 Canguroaudifonos M10,2098972,RH01425,Ropa Deportiva; Moda; Otro,Variable,Bogotá,1162,0,58000,73000,15000,0.25862068965517243,3,Sí,No,Bueno,No visible,No visible,"Producto variable con 4 variantes visibles: Negro, Azul/café, Gris/café y Negro/café. Descripción visible: combo de reloj inteligente táctil, bolso/canguro y audífonos M10; menciona funciones del reloj, conectividad Bluetooth, reducción de ruido y diseño ergonómico de audífonos."
OH-DET-011,Lampara Solar Cl 115,1731346,RH01384,Hogar,Simple,Bogotá,40,0,55000,85000,30000,0.5454545454545454,3,Sí,No,Bueno,No visible,No visible,"Descripción visible: lámpara solar CL-115 para exteriores, iluminación nocturna sin cables, sensor de movimiento, instalación sencilla, panel solar con lámpara reflectora, control remoto incluido y promesa de ahorro/energía limpia."
OH-DET-012,Organizador De Maquillaje Con Cajon,2029315,7535,Hogar; Otro,Simple,Bogotá,298,0,23750,36500,12750,0.5368421052631579,3,Sí,No,Bueno,No visible,No visible,"Descripción visible: organizador de maquillaje blanco con dimensiones aproximadas, múltiples compartimentos superiores, sección para artículos planos y cajón inferior. Incluye uso esperado para mantener productos organizados y embellecer tocador/baño."
OH-DET-013,Camping Para 4 Personas Dt045,1829428,RH01587,Camping,Simple,Bogotá,295,0,66000,100000,34000,0.5151515151515151,3,Sí,No,Bueno,No visible,No visible,"Descripción visible: kit de camping para 4 personas, pensado para naturaleza/familia/parejas. Menciona tienda espaciosa, resistencia al agua, mosquiteras, comodidad y seguridad para una experiencia de camping completa."
OH-DET-014,Estanteria Lavanderia O Baño Con Puerta,2029230,1568,Hogar; Otro,Simple,Bogotá,3,0,44000,59000,15000,0.3409090909090909,2,Sí,No,Bueno,No visible,No visible,"Descripción visible en bullets: estante de lavandería con puerta, color blanco, dimensiones aproximadas 15 cm x 15 cm x 80 cm, diseño para entradas/espacios reducidos, requiere montaje y uso para papel higiénico o pañuelos. Se observa una miniatura tipo 'producto sin imagen'."
OH-DET-015,Proyector Hy300 Magis,1974863,RH01329,Tecnología; Otro,Simple,Bogotá,295,0,156250,166000,9750,0.0624,4,Sí,No,Medio,No visible,No visible,"Descripción visible breve: proyector HY300 Magis para convertir la casa en cine, compacto, resolución HD real, conexión Wi‑Fi y Bluetooth, compatible con celular/laptop/TV Box/consolas, sonido potente y diseño portátil."
OH-DET-016,Lampara De Escritorio Ajustable,1909653,RH0070,Hogar; Otro,Simple,Bogotá,281,0,40000,50000,10000,0.25,3,Sí,No,Medio,No visible,No visible,"Descripción visible breve: lámpara de escritorio ajustable con pinza, brazo flexible, base de pinza para ubicarla en escritorios/mesas, orientada a lectura, estudio, trabajo o manualidades."
OH-DET-017,Banda Elastica Para Estiramiento Pd12,1036887,RH01412,Deportes; Otro,Simple,Bogotá,19,0,10000,25000,15000,1.5,4,Sí,No,Bueno,No visible,No visible,"Descripción visible: correa/banda elástica para entrenamiento y estiramiento. Menciona flexibilidad, mejora de flexibilidad, fortalecimiento y equilibrio; correas de nylon de alta resistencia para durabilidad y seguridad durante las sesiones."
OH-DET-018,Ventilador Con Luz Y Control Fsyt260,1340783,RH01474,Hogar; Natural Home,Simple,Bogotá,35,0,31000,50000,19000,0.6129032258064516,5,Sí,No,Bueno,No visible,No visible,"Descripción visible en lista: ventilador con tres modos de viento, luz LED E27 de 30W, control remoto para velocidad e iluminación, funcionamiento silencioso y múltiples aplicaciones para sala, dormitorio, habitación de niños, cafetería, estudio o cocina."
OH-DET-019,Combo mini Gps Rastremni Camara Inalam,2109190,RH01341,Tecnología; Otro,Simple,Bogotá,300,0,44000,64000,20000,0.45454545454545453,3,Sí,Sí,Bueno,No visible,No visible,"Descripción visible extensa: combo de mini GPS/rastreador y cámara inalámbrica. Lista características como producto importado, conexión de datos, tarjeta SIM no incluida, memoria micro SD, sensor de movimiento, compatibilidad Android/iPhone, batería, carga, dimensiones y especificaciones de conexión. El texto continúa por debajo del pantallazo."
OH-DET-020,Dispensador De Aceite Pn76,1292567,RH0056,Cocina; Hogar; Natural Home,Simple,Bogotá,270,0,12000,28000,16000,1.3333333333333333,5,Sí,No,Bueno,No visible,No visible,"Descripción visible: botella pulverizadora/dispensador de aceite con bomba oculta y acero inoxidable. Orientada a cocina para dosificar aceite de oliva, vegetal, vinagre, aceite de canola/coco/girasol, aceite de cacahuete, jugo, salsa de soja o vino de cocina."
