Lectura PM,TUCOLTIENDA
Estado de análisis,Detalle iniciado
Clasificación preliminar,Generalista multcategoría / productos de oportunidad
Datos base,"684 productos visibles en perfil, 276.835 órdenes, 4.962 dropshippers, despacho 5 h, estado Verificado."
Composición visible,"Muestra manual con presencia de Hogar, Tecnología, Belleza, Cocina, Bienestar, Herramientas, Juguetería, Salud, Mascotas, Bebé, Deportes y Vehículos."
Señal operativa visible,"Calificación óptima: envía rápido, cumple y responde bien. Postventa con muy pocos reclamos y atención rápida."
Pendiente antes de lectura PM final,"Capturar muestra de detalle de productos para validar imágenes, descripción, especificaciones, garantías, recursos, stock privado y texto mal renderizado."
Nota metodológica,"No se compara aún contra GOLDBOX, OSHOP, ADMA o Andrey hasta tener la muestra de detalle del producto."
Detalle capturado,"19 productos revisados: tecnología/herramientas, belleza, bienestar/salud, cocina, hogar, juguetes/juegos de mesa y productos tipo combo."
Señales crudas de contenido,"Se observan descripciones mixtas: productos con contenido muy corto, productos con especificaciones claras, productos con garantía/restricciones logísticas visibles, productos con información de materiales/modo de uso y productos de bienestar con contenido extenso."
Pendiente,Continuar captura de detalle hasta completar muestra suficiente antes de lectura PM final.
